Model,MSE,MAE,RMSE,MAPE
Baseline Linear Regression,0.16549292430022278,0.31273750735720457,0.40680821562527814,0.1417053873826744
Linear Regression with Lag Features,0.16040771274690177,0.307113762095078,0.40050931667927747,0.1370642490860095
Lasso Regression,0.16446927352895213,0.31166440781382676,0.4055481149369975,0.1399519656127008
Decision Tree,0.19400542888023858,0.3373222279699,0.4404604736866165,0.14868476473791106
Random Forest,0.16327428694462326,0.30336475818353426,0.4040721308685162,0.13625133589127258
